Titulo,Autor,ISBN,Ano,Editora,Genero,Disponibilidade,Emprestado,Data_Devolução
O ADVOGADO,FOX,978-102-5417-1-0,1995,FOXX1,COMEDIA,True,Ninguém,
A Casa de Papel,FOX,978-12-547-5-4,2004,FOX,AÇÃO,True,Ninguém,
A CASA,ACER,978-147-85-2-5,1994,ACER,DRAMA,True,Ninguém,
LISBOA LINDA,GIGA,978-524-213-1-6,1995,FOXX1,COMEDIA,True,Ninguém,
O LOBO MAL,LOUÇA,9852,2004,FOX,AÇÃO,True,Ninguém,
SURFISTINHA,ACER,9854,1994,ACER,DRAMA,True,Ninguém,
O PINTO DA COSTA,FOXX1,1025,1995,FOXX1,COMEDIA,True,Ninguém,
O PORTO,FOX,12547,2004,FOX,AÇÃO,True,Ninguém,
LIMBO FEROZ,LONG,14785,1994,ACER,DRAMA,True,Ninguém,
PYTHON,FOX2,85214,1995,FOXX1,COMEDIA,True,Ninguém,
JAVA,GIGA,12547,2004,FOX,AÇÃO,True,Ninguém,
LIVRO DE COZINHA,PIA,14785,1994,ACER,DRAMA,True,Ninguém,
CULINARIA AFRICANA,KIA,85236,1995,FOXX1,COMEDIA,True,Ninguém,
O VERÃO PASSADO,KA,125477,2004,FOX,AÇÃO,True,Ninguém,
EFEITOS DE DIREITO,ACER,1478547,1994,ACER,DRAMA,True,Ninguém,
O ADVOGADO,FOX,1025417,1995,FOXX1,COMEDIA,True,Ninguém,
